,Real train (reference),Independent,Gaussian copula,Domain simulator
shipping_mode x market,0.9925817147234072,0.988832761927231,0.9948806864285408,0.9934398126195659
shipping_mode x customer_segment,0.9921107181941057,0.98961059098172,0.9909170867121659,0.9925834002526188
shipping_mode x department,0.9917373635025459,0.9895838115680127,0.9923869519426586,0.989679157639985
shipping_mode x payment_type,0.9907235268552466,0.9904510414747795,0.9929580504006099,0.9927717790815072
shipping_mode x quantity,0.9924922979172323,0.9917424862988531,0.9921308767405831,0.9938630391929575
shipping_mode x unit_price,0.9891559854861337,0.9887489090426138,0.9896366173714917,0.9885830156360714
shipping_mode x discount_rate,0.989975468570141,0.9869962394511138,0.9880899245548989,0.9869020819444635
shipping_mode x order_month,0.9886651454998193,0.9851159402794905,0.9856275251179948,0.9868521422585698
shipping_mode x order_dow,0.9899562217888737,0.9896423344504598,0.9890792408602976,0.98606209491211
shipping_mode x days_scheduled,0.9966325136542823,0.4216149171042296,0.623210815727457,0.9960585562579994
shipping_mode x days_real,0.9943916779495949,0.71358498414753,0.7862228950370546,0.9625701667344162
shipping_mode x late,0.9966325136542823,0.7774603272251153,0.8367401056184671,0.9826531994291919
market x customer_segment,0.992749315196922,0.9909384250493221,0.9926356516581791,0.9910389074784139
market x department,0.9904487560790429,0.9643644815807912,0.9644532506587504,0.9638229185722433
market x payment_type,0.9917269224746942,0.9886955241126759,0.989424133002023,0.9872824068935959
market x quantity,0.9927737693301504,0.9759611786167909,0.9754981215443012,0.9756997556684615
market x unit_price,0.9864734493930942,0.9688231219445446,0.9674585133468029,0.9658818487417253
market x discount_rate,0.9884466975636749,0.9888119963349751,0.9887519035890692,0.989453123625846
market x order_month,0.9919680600430655,0.4930351659545499,0.5456199816369051,0.9922366622450176
market x order_dow,0.9882281140194064,0.9839688877950543,0.9859529606847081,0.9855608218748922
market x days_scheduled,0.9925817147234072,0.990396581252188,0.993390629946082,0.9934398126195659
market x days_real,0.989803798257517,0.9880875585919827,0.9901160231998698,0.9190324941075678
market x late,0.9969935878336731,0.9957279380678655,0.995612562675981,0.9358457094159923
customer_segment x department,0.9927942804577502,0.9925246891141879,0.9911482514995607,0.991472910111493
customer_segment x payment_type,0.9948640672540993,0.9934461183973312,0.9931567067299065,0.9970031498018035
customer_segment x quantity,0.993867732829437,0.9917475835689252,0.9942666416754189,0.9926863395818393
customer_segment x unit_price,0.9896737851651908,0.9890433031120525,0.9887802608431837,0.987605346473133
customer_segment x discount_rate,0.9903251883610802,0.9922881319096277,0.9920535553813727,0.9900675991341852
customer_segment x order_month,0.9906534015012505,0.9880827803998495,0.9899788037322961,0.9891554797476008
customer_segment x order_dow,0.9875793121064129,0.9888219834744589,0.9860956643043546,0.9872533077832737
customer_segment x days_scheduled,0.9921107181941057,0.9914604549041526,0.992347607239722,0.9925834002526188
customer_segment x days_real,0.9903414940414468,0.9893966994785413,0.9918367602689511,0.9608728507837364
customer_segment x late,0.9964281474252712,0.9952608885326667,0.9963206516630849,0.9951451964559279
department x payment_type,0.9897243183360507,0.9899050496644413,0.9922161471289435,0.9894904198484155
department x quantity,0.9905585619655061,0.787146387159072,0.8454255227778932,0.789279764593231
department x unit_price,0.990616236100636,0.37197597253779147,0.42663073216238057,0.9885408247579209
department x discount_rate,0.9876642203413127,0.9876110779106084,0.9869417473207285,0.9851005423758596
department x order_month,0.9876721948966978,0.9602067692049681,0.9586816380800885,0.9621580711949191
department x order_dow,0.9871842513403726,0.9839883858501984,0.9859502277821625,0.9856941071114806
department x days_scheduled,0.9917373635025459,0.9900010203314787,0.9916543904753449,0.989679157639985
department x days_real,0.9859282616591617,0.9846580395064914,0.9870382580271774,0.9332256559626202
department x late,0.9896652147317551,0.9934291354740394,0.9937891335630816,0.9472128027534129
payment_type x quantity,0.9953333335832777,0.9933702217211174,0.994744312517505,0.99201903832765
payment_type x unit_price,0.9850039447206724,0.9858975520029436,0.9865427706706845,0.9857257859669379
payment_type x discount_rate,0.9884697804594612,0.9900989285992995,0.9873841034142449,0.9868680355307005
payment_type x order_month,0.9886419963953605,0.9853020345103372,0.9861785168796338,0.9838165966810423
payment_type x order_dow,0.9911794652989221,0.9888577345621099,0.9900542130169584,0.9890937254033286
payment_type x days_scheduled,0.9907235268552466,0.9915339672704687,0.9907219115231815,0.9927717790815072
payment_type x days_real,0.9900884413051465,0.9831014879792851,0.9883929616480044,0.9619811073792908
payment_type x late,0.9950013832427493,0.9941603137384886,0.9950690668528188,0.993680717261042
quantity x unit_price,0.9901174056050396,0.6721769102743503,0.8016790295940082,0.6699112343521287
quantity x discount_rate,0.9896567208770246,0.9898413672917241,0.9894076318864189,0.9887020891412664
quantity x order_month,0.9900913153996801,0.9785149165067561,0.9794051878291773,0.9780668545019995
quantity x order_dow,0.9909405054374829,0.9887717701792327,0.9876153894512563,0.9888722637760524
quantity x days_scheduled,0.9924922979172323,0.9918129642339715,0.9937077367808981,0.9938630391929575
quantity x days_real,0.987623902450663,0.9864084252976445,0.988624194239461,0.9620910472784882
quantity x late,0.9929162224736149,0.9918532717545883,0.9920994555405614,0.993409680494417
unit_price x discount_rate,0.9833009077025502,0.9867274545770418,0.984695246387238,0.9829647758456341
unit_price x order_month,0.9865277556605803,0.9589623947584237,0.961383298109389,0.9588930064744663
unit_price x order_dow,0.98616923250931,0.9860253570759334,0.9861210956137704,0.9826840821851919
unit_price x days_scheduled,0.9891559854861337,0.9897387247049867,0.9904955424772067,0.9885830156360714
unit_price x days_real,0.9840586484077082,0.9848997187096639,0.984335012978216,0.9471170753833037
unit_price x late,0.9890730810606895,0.9917855251266259,0.9929349563370957,0.9676402744992408
discount_rate x order_month,0.9808032206387013,0.9834743329438376,0.9817022067773256,0.9828845333278942
discount_rate x order_dow,0.9857347791786425,0.9855341270168388,0.9855400514964672,0.9846435039109901
discount_rate x days_scheduled,0.989975468570141,0.9887024161961536,0.9890126676414551,0.9869020819444635
discount_rate x days_real,0.9851144804979205,0.9845221521893122,0.9846401799165628,0.9606549692109333
discount_rate x late,0.9932341972004245,0.9917788691608229,0.9911895872488351,0.9878406808114927
order_month x order_dow,0.9857895632653418,0.9796535780390971,0.978205815337424,0.9805506584847319
order_month x days_scheduled,0.9886651454998193,0.9855786694993981,0.9869970275736226,0.9868521422585698
order_month x days_real,0.984936328914665,0.9827605125192582,0.9862653898369417,0.9283358455801894
order_month x late,0.9920324994281924,0.9926645258185544,0.9899773750608252,0.9406501536866811
order_dow x days_scheduled,0.9899562217888737,0.989947874709995,0.9895556840500142,0.98606209491211
order_dow x days_real,0.9861948903640624,0.9876585415516972,0.986429277040944,0.9608368228959736
order_dow x late,0.9949985370675354,0.9923277350656947,0.9926891418838366,0.9921824923833503
days_scheduled x days_real,0.9943916779495949,0.7146847484837435,0.7863067543032307,0.9625701667344162
days_scheduled x late,0.9966325136542823,0.7804619396615482,0.8359628285688124,0.9826531994291919
days_real x late,0.9949335799784528,0.7070984168222165,0.7711740650643472,0.9625701667344162
